{"cameraMode":{"drawMode":0,"name":"Shaded","section":"Shading Mode"},"sceneLighting":true,"audioPlay":false,"sceneViewState":{"showFog":true,"showMaterialUpdate":false,"showSkybox":true,"showFlares":true,"showImageEffects":true,"showParticleSystems":true},"in2DMode":false,"pivot":{"x":22.2213077545166,"y":18.9554500579834,"z":-8.348169326782227},"rotation":{"x":-0.3859539330005646,"y":0.4800175130367279,"z":-0.247722327709198,"w":-0.7478345036506653},"size":4.7246413230896,"orthographic":false}