{"cameraMode":{"drawMode":0,"name":"Shaded","section":"Shading Mode"},"sceneLighting":true,"audioPlay":false,"sceneViewState":{"showFog":true,"showMaterialUpdate":false,"showSkybox":false,"showFlares":true,"showImageEffects":true,"showParticleSystems":true},"in2DMode":false,"pivot":{"x":14.145721435546875,"y":1.6636340618133546,"z":11.887992858886719},"rotation":{"x":0.09549102187156677,"y":0.6608263254165649,"z":-0.08532976359128952,"w":0.7395329475402832},"size":3.1420202255249025,"orthographic":false}