{"cameraMode":{"drawMode":0,"name":"Shaded","section":"Shading Mode"},"sceneLighting":true,"audioPlay":false,"sceneViewState":{"showFog":true,"showMaterialUpdate":false,"showSkybox":false,"showFlares":true,"showImageEffects":true,"showParticleSystems":true},"in2DMode":false,"pivot":{"x":7.373589515686035,"y":3.266751527786255,"z":-2.9912660121917726},"rotation":{"x":0.20837464928627015,"y":0.4107872545719147,"z":-0.09701961278915405,"w":0.8822817206382752},"size":2.8579792976379396,"orthographic":false}