{"cameraMode":{"drawMode":0,"name":"Shaded","section":"Shading Mode"},"sceneLighting":true,"audioPlay":false,"sceneViewState":{"showFog":true,"showMaterialUpdate":false,"showSkybox":false,"showFlares":true,"showImageEffects":true,"showParticleSystems":true},"in2DMode":false,"pivot":{"x":3.3407211303710939,"y":3.42527437210083,"z":-0.8659536242485046},"rotation":{"x":-0.13394765555858613,"y":0.8340966701507568,"z":-0.23161759972572328,"w":-0.4823838174343109},"size":1.6420197486877442,"orthographic":false}